字段名,数据类型,非空数量,缺失数量,缺失率(%)
years_experience_numeric,float64,245,112571,99.78
pay_frequency,object,765,112051,99.32
on_target_earnings,object,1212,111604,98.93
work_authorization_requirements,object,1271,111545,98.87
equity,object,2138,110678,98.1
security_clearance,object,2144,110672,98.1
occupational_category,object,2183,110633,98.06
salary_type,object,3343,109473,97.04
visa_sponsorship_available,object,4492,108324,96.02
bonus,object,5585,107231,95.05
certifications,object,6564,106252,94.18
industry,object,7358,105458,93.48
function,object,7682,105134,93.19
languages_required,object,8079,104737,92.84
education_level,object,10087,102729,91.06
shift,object,13381,99435,88.14
closing_date,object,16658,96158,85.23
date_posted,object,21828,90988,80.65
preferred_qualifications,object,28480,84336,74.76
schedule,object,33157,79659,70.61
remote_eligibility_regions,object,36060,76756,68.04
salary_max,float64,47162,65654,58.2
salary_min,float64,51829,60987,54.06
salary_rate_unit,object,52307,60509,53.64
salary_currency,object,53909,58907,52.22
job_level_normalized,object,57410,55406,49.11
experience_level,object,65095,47721,42.3
benefits,object,73485,39331,34.86
skills_required,object,80412,32404,28.72
work_model,object,87117,25699,22.78
minimum_qualifications,object,87906,24910,22.08
responsibilities,object,90771,22045,19.54
country,object,103467,9349,8.29
ats_name,object,104263,8553,7.58
city,object,106582,6234,5.53
location_resolved,object,106582,6234,5.53
longitude,float64,106582,6234,5.53
latitude,float64,106582,6234,5.53
locations,object,106815,6001,5.32
travel_percentage,float64,107803,5013,4.44
relocation_assistance,object,108615,4201,3.72
travel_required,object,108777,4039,3.58
employment_type,object,111344,1472,1.3
title,object,112816,0,0.0
company_name,object,112816,0,0.0
normalized_title,object,112815,1,0.0
job_description,object,112816,0,0.0
